-- phpMyAdmin SQL Dump
-- version 5.2.1
-- https://www.phpmyadmin.net/
--
-- Host: 127.0.0.1
-- Generation Time: Jun 02, 2025 at 03:55 PM
-- Server version: 10.4.32-MariaDB
-- PHP Version: 8.0.30

SET SQL_MODE = "NO_AUTO_VALUE_ON_ZERO";
START TRANSACTION;
SET time_zone = "+00:00";


/*!40101 SET @OLD_CHARACTER_SET_CLIENT=@@CHARACTER_SET_CLIENT */;
/*!40101 SET @OLD_CHARACTER_SET_RESULTS=@@CHARACTER_SET_RESULTS */;
/*!40101 SET @OLD_COLLATION_CONNECTION=@@COLLATION_CONNECTION */;
/*!40101 SET NAMES utf8mb4 */;

--
-- Database: `twitter_clone`
--

-- --------------------------------------------------------

--
-- Table structure for table `twitters_post_likes`
--

CREATE TABLE `twitters_post_likes` (
  `id` int(11) NOT NULL,
  `user_id` int(11) DEFAULT NULL,
  `post_id` int(11) DEFAULT NULL,
  `liked_id` int(11) NOT NULL,
  `likeable_type` enum('post','comment','reply') DEFAULT NULL,
  `created_at` timestamp NOT NULL DEFAULT current_timestamp(),
  `updated_at` timestamp NOT NULL DEFAULT current_timestamp() ON UPDATE current_timestamp()
) ENGINE=InnoDB DEFAULT CHARSET=utf8mb4 COLLATE=utf8mb4_general_ci;

--
-- Dumping data for table `twitters_post_likes`
--

INSERT INTO `twitters_post_likes` (`id`, `user_id`, `post_id`, `liked_id`, `likeable_type`, `created_at`, `updated_at`) VALUES
(7, 7, NULL, 2, 'comment', '2025-05-28 11:37:14', '2025-05-28 11:37:14'),
(8, 7, NULL, 1, 'comment', '2025-05-28 11:37:15', '2025-05-28 11:37:15'),
(16, 7, 48, 0, 'post', '2025-05-28 11:45:53', '2025-05-28 11:45:53'),
(37, 7, NULL, 9, 'comment', '2025-05-28 12:23:08', '2025-05-28 12:23:08'),
(38, 7, NULL, 52, 'reply', '2025-05-28 12:23:13', '2025-05-28 12:23:13'),
(39, 7, NULL, 46, 'reply', '2025-05-28 12:23:14', '2025-05-28 12:23:14'),
(40, 7, NULL, 45, 'reply', '2025-05-28 12:23:16', '2025-05-28 12:23:16'),
(42, 7, NULL, 32, 'reply', '2025-05-28 12:24:19', '2025-05-28 12:24:19'),
(43, 7, NULL, 33, 'reply', '2025-05-28 12:24:21', '2025-05-28 12:24:21'),
(44, 7, NULL, 34, 'reply', '2025-05-28 12:24:22', '2025-05-28 12:24:22'),
(45, 7, NULL, 35, 'reply', '2025-05-28 12:24:24', '2025-05-28 12:24:24'),
(46, 7, NULL, 36, 'reply', '2025-05-28 12:24:26', '2025-05-28 12:24:26'),
(47, 7, 63, 0, 'post', '2025-05-28 15:32:41', '2025-05-28 15:32:41'),
(48, 7, NULL, 17, 'comment', '2025-05-28 15:32:57', '2025-05-28 15:32:57'),
(49, 7, NULL, 16, 'comment', '2025-05-28 15:32:59', '2025-05-28 15:32:59'),
(50, 7, NULL, 71, 'reply', '2025-05-28 17:26:32', '2025-05-28 17:26:32'),
(51, 7, NULL, 70, 'reply', '2025-05-28 17:26:34', '2025-05-28 17:26:34'),
(52, 7, NULL, 75, 'reply', '2025-05-28 17:55:30', '2025-05-28 17:55:30'),
(53, 7, NULL, 74, 'reply', '2025-05-28 17:55:32', '2025-05-28 17:55:32'),
(54, 7, NULL, 73, 'reply', '2025-05-28 17:55:34', '2025-05-28 17:55:34'),
(55, 7, NULL, 72, 'reply', '2025-05-28 17:55:35', '2025-05-28 17:55:35'),
(56, 7, NULL, 69, 'reply', '2025-05-28 17:55:37', '2025-05-28 17:55:37'),
(57, 7, NULL, 68, 'reply', '2025-05-28 17:55:38', '2025-05-28 17:55:38'),
(58, 7, NULL, 64, 'reply', '2025-05-28 17:55:40', '2025-05-28 17:55:40'),
(59, 7, NULL, 63, 'reply', '2025-05-28 17:55:41', '2025-05-28 17:55:41'),
(60, 7, NULL, 62, 'reply', '2025-05-28 17:55:43', '2025-05-28 17:55:43'),
(61, 7, NULL, 61, 'reply', '2025-05-28 17:55:45', '2025-05-28 17:55:45'),
(62, 7, NULL, 60, 'reply', '2025-05-28 17:55:46', '2025-05-28 17:55:46'),
(63, 7, NULL, 59, 'reply', '2025-05-28 17:55:49', '2025-05-28 17:55:49'),
(64, 7, NULL, 58, 'reply', '2025-05-28 17:55:50', '2025-05-28 17:55:50'),
(65, 7, NULL, 57, 'reply', '2025-05-28 17:55:52', '2025-05-28 17:55:52'),
(66, 7, NULL, 18, 'reply', '2025-05-28 17:55:53', '2025-05-28 17:55:53'),
(67, 7, NULL, 17, 'reply', '2025-05-28 17:55:55', '2025-05-28 17:55:55'),
(69, 11, NULL, 18, 'comment', '2025-05-29 06:47:46', '2025-05-29 06:47:46'),
(72, 11, NULL, 12, 'reply', '2025-05-29 06:48:02', '2025-05-29 06:48:02'),
(73, 11, 62, 0, 'post', '2025-05-29 07:01:26', '2025-05-29 07:01:26'),
(76, 11, NULL, 111, 'reply', '2025-05-29 07:02:24', '2025-05-29 07:02:24'),
(80, 11, NULL, 35, 'comment', '2025-05-29 07:48:00', '2025-05-29 07:48:00'),
(84, 11, NULL, 11, 'reply', '2025-05-29 08:10:29', '2025-05-29 08:10:29'),
(90, 11, NULL, 112, 'reply', '2025-05-29 08:21:51', '2025-05-29 08:21:51'),
(97, 11, NULL, 116, 'reply', '2025-05-29 08:29:11', '2025-05-29 08:29:11'),
(98, 11, NULL, 115, 'reply', '2025-05-29 08:30:07', '2025-05-29 08:30:07'),
(99, 11, NULL, 119, 'reply', '2025-05-29 08:30:08', '2025-05-29 08:30:08'),
(100, 11, NULL, 124, 'reply', '2025-05-29 09:18:35', '2025-05-29 09:18:35'),
(101, 11, NULL, 125, 'reply', '2025-05-29 09:18:39', '2025-05-29 09:18:39'),
(102, 11, NULL, 128, 'reply', '2025-05-29 09:18:40', '2025-05-29 09:18:40'),
(103, 11, NULL, 130, 'reply', '2025-05-29 09:18:41', '2025-05-29 09:18:41'),
(104, 11, NULL, 129, 'reply', '2025-05-29 09:18:42', '2025-05-29 09:18:42'),
(107, 11, NULL, 39, 'comment', '2025-05-29 09:20:32', '2025-05-29 09:20:32'),
(108, 11, NULL, 139, 'reply', '2025-05-29 09:22:29', '2025-05-29 09:22:29'),
(109, 11, NULL, 138, 'reply', '2025-05-29 09:22:30', '2025-05-29 09:22:30'),
(110, 11, NULL, 137, 'reply', '2025-05-29 09:22:31', '2025-05-29 09:22:31'),
(111, 11, NULL, 141, 'reply', '2025-05-29 09:23:47', '2025-05-29 09:23:47'),
(112, 11, NULL, 140, 'reply', '2025-05-29 09:23:49', '2025-05-29 09:23:49'),
(113, 11, NULL, 145, 'reply', '2025-05-29 09:24:25', '2025-05-29 09:24:25'),
(114, 11, NULL, 144, 'reply', '2025-05-29 09:24:26', '2025-05-29 09:24:26'),
(115, 11, NULL, 143, 'reply', '2025-05-29 09:24:28', '2025-05-29 09:24:28'),
(116, 11, 53, 0, 'post', '2025-05-29 12:48:34', '2025-05-29 12:48:34'),
(117, 11, 52, 0, 'post', '2025-05-29 12:48:35', '2025-05-29 12:48:35'),
(122, 7, 29, 0, 'post', '2025-05-30 05:11:50', '2025-05-30 05:11:50'),
(123, 7, 31, 0, 'post', '2025-05-30 05:11:51', '2025-05-30 05:11:51'),
(125, 2, 109, 0, 'post', '2025-05-30 05:52:00', '2025-05-30 05:52:00'),
(127, 2, 50, 0, 'post', '2025-05-30 05:52:02', '2025-05-30 05:52:02'),
(128, 2, 49, 0, 'post', '2025-05-30 05:52:03', '2025-05-30 05:52:03'),
(129, 7, 21, 0, 'post', '2025-05-30 06:02:54', '2025-05-30 06:02:54'),
(130, 7, 45, 0, 'post', '2025-05-30 06:02:56', '2025-05-30 06:02:56'),
(131, 7, 55, 0, 'post', '2025-05-30 06:02:57', '2025-05-30 06:02:57'),
(132, 7, 11, 0, 'post', '2025-05-30 06:02:58', '2025-05-30 06:02:58'),
(133, 7, 6, 0, 'post', '2025-05-30 06:03:00', '2025-05-30 06:03:00'),
(134, 7, 50, 0, 'post', '2025-05-30 06:03:02', '2025-05-30 06:03:02'),
(135, 7, 54, 0, 'post', '2025-05-30 06:03:03', '2025-05-30 06:03:03'),
(136, 7, 33, 0, 'post', '2025-05-30 06:03:04', '2025-05-30 06:03:04'),
(137, 7, 62, 0, 'post', '2025-05-30 06:03:05', '2025-05-30 06:03:05'),
(138, 7, 114, 0, 'post', '2025-05-30 06:03:08', '2025-05-30 06:03:08'),
(140, 7, 111, 0, 'post', '2025-05-30 06:03:11', '2025-05-30 06:03:11'),
(141, 7, 112, 0, 'post', '2025-05-30 06:03:12', '2025-05-30 06:03:12'),
(142, 7, 110, 0, 'post', '2025-05-30 06:03:15', '2025-05-30 06:03:15'),
(143, 7, 101, 0, 'post', '2025-05-30 06:03:17', '2025-05-30 06:03:17'),
(144, 7, 113, 0, 'post', '2025-05-30 06:03:19', '2025-05-30 06:03:19'),
(145, 7, 12, 0, 'post', '2025-05-30 06:03:23', '2025-05-30 06:03:23'),
(146, 7, 105, 0, 'post', '2025-05-30 06:03:24', '2025-05-30 06:03:24'),
(147, 7, 109, 0, 'post', '2025-05-30 06:03:25', '2025-05-30 06:03:25'),
(148, 7, 60, 0, 'post', '2025-05-30 06:03:27', '2025-05-30 06:03:27'),
(149, 7, 52, 0, 'post', '2025-05-30 06:03:30', '2025-05-30 06:03:30'),
(150, 7, 26, 0, 'post', '2025-05-30 06:03:32', '2025-05-30 06:03:32'),
(151, 7, 56, 0, 'post', '2025-05-30 06:03:34', '2025-05-30 06:03:34'),
(152, 7, 20, 0, 'post', '2025-05-30 06:03:35', '2025-05-30 06:03:35'),
(153, 7, 49, 0, 'post', '2025-05-30 06:03:36', '2025-05-30 06:03:36'),
(154, 7, 57, 0, 'post', '2025-05-30 06:03:38', '2025-05-30 06:03:38'),
(157, 7, 53, 0, 'post', '2025-05-30 06:03:43', '2025-05-30 06:03:43'),
(158, 7, 43, 0, 'post', '2025-05-30 06:03:44', '2025-05-30 06:03:44'),
(159, 7, 108, 0, 'post', '2025-05-30 06:03:46', '2025-05-30 06:03:46'),
(160, 2, 29, 0, 'post', '2025-05-30 06:04:00', '2025-05-30 06:04:00'),
(161, 2, 54, 0, 'post', '2025-05-30 06:04:01', '2025-05-30 06:04:01'),
(162, 2, 57, 0, 'post', '2025-05-30 06:04:04', '2025-05-30 06:04:04'),
(163, 2, 101, 0, 'post', '2025-05-30 06:04:05', '2025-05-30 06:04:05'),
(164, 2, 21, 0, 'post', '2025-05-30 06:04:06', '2025-05-30 06:04:06'),
(165, 2, 111, 0, 'post', '2025-05-30 06:04:07', '2025-05-30 06:04:07'),
(166, 2, 105, 0, 'post', '2025-05-30 06:04:08', '2025-05-30 06:04:08'),
(167, 2, 60, 0, 'post', '2025-05-30 06:04:14', '2025-05-30 06:04:14'),
(171, 2, 55, 0, 'post', '2025-05-30 06:04:20', '2025-05-30 06:04:20'),
(172, 2, 6, 0, 'post', '2025-05-30 06:04:22', '2025-05-30 06:04:22'),
(173, 2, 33, 0, 'post', '2025-05-30 06:04:26', '2025-05-30 06:04:26'),
(174, 2, 112, 0, 'post', '2025-05-30 06:04:32', '2025-05-30 06:04:32'),
(175, 2, 11, 0, 'post', '2025-05-30 06:04:32', '2025-05-30 06:04:32'),
(176, 2, 56, 0, 'post', '2025-05-30 06:04:34', '2025-05-30 06:04:34'),
(177, 2, 43, 0, 'post', '2025-05-30 06:04:35', '2025-05-30 06:04:35'),
(178, 2, 31, 0, 'post', '2025-05-30 06:04:37', '2025-05-30 06:04:37'),
(179, 2, 48, 0, 'post', '2025-05-30 06:04:38', '2025-05-30 06:04:38'),
(181, 2, 26, 0, 'post', '2025-05-30 06:04:44', '2025-05-30 06:04:44'),
(182, 2, 63, 0, 'post', '2025-05-30 06:04:46', '2025-05-30 06:04:46'),
(184, 2, 114, 0, 'post', '2025-05-30 06:04:49', '2025-05-30 06:04:49'),
(185, 2, 12, 0, 'post', '2025-05-30 06:04:50', '2025-05-30 06:04:50'),
(186, 2, 20, 0, 'post', '2025-05-30 06:04:52', '2025-05-30 06:04:52'),
(188, 2, 113, 0, 'post', '2025-05-30 06:05:01', '2025-05-30 06:05:01'),
(189, 2, 45, 0, 'post', '2025-05-30 06:05:04', '2025-05-30 06:05:04'),
(190, 2, 53, 0, 'post', '2025-05-30 06:07:21', '2025-05-30 06:07:21'),
(191, 2, 110, 0, 'post', '2025-05-30 06:07:23', '2025-05-30 06:07:23'),
(192, 10, 26, 0, 'post', '2025-05-30 06:08:59', '2025-05-30 06:08:59'),
(193, 10, 57, 0, 'post', '2025-05-30 06:09:15', '2025-05-30 06:09:15'),
(195, 10, 113, 0, 'post', '2025-05-30 06:09:36', '2025-05-30 06:09:36'),
(196, 10, 49, 0, 'post', '2025-05-30 06:09:38', '2025-05-30 06:09:38'),
(197, 10, 43, 0, 'post', '2025-05-30 06:09:43', '2025-05-30 06:09:43'),
(198, 10, 105, 0, 'post', '2025-05-30 06:09:47', '2025-05-30 06:09:47'),
(199, 10, 50, 0, 'post', '2025-05-30 06:09:52', '2025-05-30 06:09:52'),
(200, 10, 112, 0, 'post', '2025-05-30 06:09:56', '2025-05-30 06:09:56'),
(202, 10, 110, 0, 'post', '2025-05-30 06:10:08', '2025-05-30 06:10:08'),
(203, 10, 45, 0, 'post', '2025-05-30 06:10:12', '2025-05-30 06:10:12'),
(204, 10, 33, 0, 'post', '2025-05-30 06:10:17', '2025-05-30 06:10:17'),
(205, 10, 109, 0, 'post', '2025-05-30 06:10:22', '2025-05-30 06:10:22'),
(206, 10, 111, 0, 'post', '2025-05-30 06:10:27', '2025-05-30 06:10:27'),
(207, 10, 54, 0, 'post', '2025-05-30 06:10:33', '2025-05-30 06:10:33'),
(208, 10, 56, 0, 'post', '2025-05-30 06:10:37', '2025-05-30 06:10:37'),
(209, 10, 101, 0, 'post', '2025-05-30 06:10:42', '2025-05-30 06:10:42'),
(210, 10, 12, 0, 'post', '2025-05-30 06:10:47', '2025-05-30 06:10:47'),
(211, 10, 11, 0, 'post', '2025-05-30 06:10:52', '2025-05-30 06:10:52'),
(212, 10, 29, 0, 'post', '2025-05-30 06:10:56', '2025-05-30 06:10:56'),
(213, 10, 108, 0, 'post', '2025-05-30 06:11:04', '2025-05-30 06:11:04'),
(214, 10, 53, 0, 'post', '2025-05-30 06:11:21', '2025-05-30 06:11:21'),
(215, 10, 55, 0, 'post', '2025-05-30 06:11:30', '2025-05-30 06:11:30'),
(216, 10, 21, 0, 'post', '2025-05-30 06:11:35', '2025-05-30 06:11:35'),
(218, 10, 60, 0, 'post', '2025-05-30 06:11:49', '2025-05-30 06:11:49'),
(219, 10, 31, 0, 'post', '2025-05-30 06:11:57', '2025-05-30 06:11:57'),
(221, 10, NULL, 104, 'comment', '2025-05-30 06:13:24', '2025-05-30 06:13:24'),
(222, 10, NULL, 51, 'comment', '2025-05-30 06:13:25', '2025-05-30 06:13:25'),
(223, 10, NULL, 48, 'comment', '2025-05-30 06:13:26', '2025-05-30 06:13:26'),
(224, 10, NULL, 49, 'comment', '2025-05-30 06:13:27', '2025-05-30 06:13:27'),
(225, 10, NULL, 50, 'comment', '2025-05-30 06:13:28', '2025-05-30 06:13:28'),
(226, 10, NULL, 46, 'comment', '2025-05-30 06:13:29', '2025-05-30 06:13:29'),
(227, 10, NULL, 47, 'comment', '2025-05-30 06:13:30', '2025-05-30 06:13:30'),
(228, 10, NULL, 45, 'comment', '2025-05-30 06:13:31', '2025-05-30 06:13:31'),
(229, 10, NULL, 44, 'comment', '2025-05-30 06:13:33', '2025-05-30 06:13:33'),
(230, 10, NULL, 43, 'comment', '2025-05-30 06:13:34', '2025-05-30 06:13:34'),
(231, 10, NULL, 42, 'comment', '2025-05-30 06:13:34', '2025-05-30 06:13:34'),
(232, 10, NULL, 41, 'comment', '2025-05-30 06:13:35', '2025-05-30 06:13:35'),
(233, 10, NULL, 162, 'reply', '2025-05-30 06:14:36', '2025-05-30 06:14:36'),
(234, 10, NULL, 163, 'reply', '2025-05-30 06:14:38', '2025-05-30 06:14:38'),
(235, 10, NULL, 164, 'reply', '2025-05-30 06:14:44', '2025-05-30 06:14:44'),
(236, 10, NULL, 165, 'reply', '2025-05-30 06:14:51', '2025-05-30 06:14:51'),
(237, 10, NULL, 166, 'reply', '2025-05-30 06:14:59', '2025-05-30 06:14:59'),
(238, 10, NULL, 167, 'reply', '2025-05-30 06:15:06', '2025-05-30 06:15:06'),
(239, 10, NULL, 168, 'reply', '2025-05-30 06:15:14', '2025-05-30 06:15:14'),
(240, 10, NULL, 161, 'reply', '2025-05-30 06:15:43', '2025-05-30 06:15:43'),
(242, 8, 52, 0, 'post', '2025-05-30 06:18:12', '2025-05-30 06:18:12'),
(243, 8, 53, 0, 'post', '2025-05-30 06:18:47', '2025-05-30 06:18:47'),
(244, 8, 113, 0, 'post', '2025-05-30 06:18:55', '2025-05-30 06:18:55'),
(245, 8, 31, 0, 'post', '2025-05-30 06:19:08', '2025-05-30 06:19:08'),
(246, 8, 110, 0, 'post', '2025-05-30 06:19:12', '2025-05-30 06:19:12'),
(247, 8, 56, 0, 'post', '2025-05-30 06:19:16', '2025-05-30 06:19:16'),
(248, 8, 43, 0, 'post', '2025-05-30 06:19:21', '2025-05-30 06:19:21'),
(249, 8, 57, 0, 'post', '2025-05-30 06:19:26', '2025-05-30 06:19:26'),
(250, 8, 62, 0, 'post', '2025-05-30 06:19:32', '2025-05-30 06:19:32'),
(251, 8, 20, 0, 'post', '2025-05-30 06:19:37', '2025-05-30 06:19:37'),
(253, 8, 48, 0, 'post', '2025-05-30 06:19:44', '2025-05-30 06:19:44'),
(254, 8, 33, 0, 'post', '2025-05-30 06:19:52', '2025-05-30 06:19:52'),
(255, 8, 54, 0, 'post', '2025-05-30 06:19:55', '2025-05-30 06:19:55'),
(258, 11, 116, 0, 'post', '2025-05-30 06:23:26', '2025-05-30 06:23:26'),
(259, 11, 115, 0, 'post', '2025-05-30 06:23:30', '2025-05-30 06:23:30'),
(261, 4, 109, 0, 'post', '2025-05-30 06:26:21', '2025-05-30 06:26:21'),
(262, 4, 55, 0, 'post', '2025-05-30 06:26:33', '2025-05-30 06:26:33'),
(264, 4, 29, 0, 'post', '2025-05-30 06:27:13', '2025-05-30 06:27:13'),
(266, 4, 52, 0, 'post', '2025-05-30 06:27:44', '2025-05-30 06:27:44'),
(272, 4, 56, 0, 'post', '2025-05-30 06:32:17', '2025-05-30 06:32:17'),
(274, 4, NULL, 155, 'comment', '2025-05-30 07:50:31', '2025-05-30 07:50:31'),
(275, 4, NULL, 153, 'comment', '2025-05-30 07:50:32', '2025-05-30 07:50:32'),
(276, 4, NULL, 118, 'comment', '2025-05-30 07:50:34', '2025-05-30 07:50:34'),
(277, 4, NULL, 71, 'comment', '2025-05-30 07:50:35', '2025-05-30 07:50:35'),
(278, 4, NULL, 3, 'comment', '2025-05-30 07:50:40', '2025-05-30 07:50:40'),
(279, 4, NULL, 170, 'reply', '2025-05-30 07:53:10', '2025-05-30 07:53:10'),
(280, 4, NULL, 174, 'reply', '2025-05-30 07:54:17', '2025-05-30 07:54:17'),
(281, 4, NULL, 173, 'reply', '2025-05-30 07:54:18', '2025-05-30 07:54:18'),
(282, 4, NULL, 175, 'reply', '2025-05-30 07:54:50', '2025-05-30 07:54:50'),
(285, 4, 6, 0, 'post', '2025-05-30 08:18:24', '2025-05-30 08:18:24'),
(287, 4, NULL, 177, 'reply', '2025-05-30 08:18:55', '2025-05-30 08:18:55'),
(290, 4, NULL, 164, 'comment', '2025-05-30 08:21:12', '2025-05-30 08:21:12'),
(294, 4, NULL, 149, 'comment', '2025-05-30 08:26:00', '2025-05-30 08:26:00'),
(295, 4, 158, 0, 'post', '2025-05-30 10:42:38', '2025-05-30 10:42:38'),
(296, 4, 157, 0, 'post', '2025-05-30 10:42:40', '2025-05-30 10:42:40'),
(297, 4, 156, 0, 'post', '2025-05-30 10:42:46', '2025-05-30 10:42:46'),
(299, 4, 120, 0, 'post', '2025-05-30 10:58:47', '2025-05-30 10:58:47'),
(301, 2, NULL, 188, 'reply', '2025-05-30 13:20:57', '2025-05-30 13:20:57'),
(302, 2, NULL, 187, 'reply', '2025-05-30 13:20:57', '2025-05-30 13:20:57'),
(303, 2, NULL, 16, 'comment', '2025-05-31 05:56:27', '2025-05-31 05:56:27'),
(304, 10, NULL, 19, 'reply', '2025-05-31 05:57:51', '2025-05-31 05:57:51'),
(305, 2, NULL, 19, 'reply', '2025-05-31 05:57:58', '2025-05-31 05:57:58'),
(306, 2, NULL, 197, 'reply', '2025-05-31 06:30:25', '2025-05-31 06:30:25'),
(307, 2, NULL, 196, 'reply', '2025-05-31 06:30:26', '2025-05-31 06:30:26'),
(310, 2, NULL, 207, 'reply', '2025-05-31 10:57:17', '2025-05-31 10:57:17'),
(311, 2, NULL, 210, 'reply', '2025-05-31 10:57:18', '2025-05-31 10:57:18'),
(312, 2, NULL, 209, 'reply', '2025-05-31 10:57:19', '2025-05-31 10:57:19'),
(313, 10, NULL, 210, 'reply', '2025-05-31 10:58:35', '2025-05-31 10:58:35'),
(314, 10, NULL, 209, 'reply', '2025-05-31 10:58:36', '2025-05-31 10:58:36'),
(315, 10, NULL, 153, 'reply', '2025-05-31 11:08:19', '2025-05-31 11:08:19'),
(316, 2, NULL, 153, 'reply', '2025-05-31 11:08:35', '2025-05-31 11:08:35'),
(317, 2, NULL, 43, 'comment', '2025-05-31 11:08:42', '2025-05-31 11:08:42'),
(318, 2, NULL, 217, 'reply', '2025-05-31 11:11:30', '2025-05-31 11:11:30'),
(319, 10, NULL, 219, 'reply', '2025-05-31 11:39:46', '2025-05-31 11:39:46'),
(320, 10, NULL, 218, 'reply', '2025-05-31 11:39:47', '2025-05-31 11:39:47'),
(321, 2, 166, 0, 'post', '2025-05-31 12:37:58', '2025-05-31 12:37:58'),
(322, 2, 167, 0, 'post', '2025-05-31 12:37:59', '2025-05-31 12:37:59'),
(323, 6, 63, 0, 'post', '2025-05-31 12:41:30', '2025-05-31 12:41:30'),
(324, 6, 169, 0, 'post', '2025-05-31 12:41:37', '2025-05-31 12:41:37'),
(325, 6, 20, 0, 'post', '2025-05-31 12:41:59', '2025-05-31 12:41:59'),
(326, 6, 43, 0, 'post', '2025-05-31 12:42:18', '2025-05-31 12:42:18'),
(327, 6, 174, 0, 'post', '2025-05-31 12:43:13', '2025-05-31 12:43:13'),
(328, 6, 175, 0, 'post', '2025-05-31 12:43:31', '2025-05-31 12:43:31'),
(329, 6, 12, 0, 'post', '2025-05-31 12:43:53', '2025-05-31 12:43:53'),
(330, 6, 21, 0, 'post', '2025-05-31 12:44:07', '2025-05-31 12:44:07'),
(331, 6, 57, 0, 'post', '2025-05-31 12:44:33', '2025-05-31 12:44:33'),
(332, 6, 113, 0, 'post', '2025-05-31 12:44:47', '2025-05-31 12:44:47'),
(333, 2, 120, 0, 'post', '2025-05-31 12:45:33', '2025-05-31 12:45:33'),
(334, 2, 168, 0, 'post', '2025-05-31 12:45:57', '2025-05-31 12:45:57'),
(335, 2, 172, 0, 'post', '2025-05-31 12:47:18', '2025-05-31 12:47:18'),
(336, 6, 163, 0, 'post', '2025-05-31 12:48:02', '2025-05-31 12:48:02'),
(337, 6, 164, 0, 'post', '2025-05-31 12:48:29', '2025-05-31 12:48:29'),
(339, 2, NULL, 233, 'reply', '2025-06-02 05:14:06', '2025-06-02 05:14:06'),
(340, 2, 165, 0, 'post', '2025-06-02 05:26:50', '2025-06-02 05:26:50'),
(341, 2, 164, 0, 'post', '2025-06-02 05:26:52', '2025-06-02 05:26:52'),
(342, 2, 163, 0, 'post', '2025-06-02 05:26:55', '2025-06-02 05:26:55'),
(343, 2, 161, 0, 'post', '2025-06-02 05:27:30', '2025-06-02 05:27:30'),
(344, 2, 178, 0, 'post', '2025-06-02 11:19:06', '2025-06-02 11:19:06'),
(345, 2, 176, 0, 'post', '2025-06-02 11:19:06', '2025-06-02 11:19:06'),
(346, 2, 179, 0, 'post', '2025-06-02 12:10:15', '2025-06-02 12:10:15'),
(347, 6, NULL, 219, 'comment', '2025-06-02 12:12:40', '2025-06-02 12:12:40'),
(348, 6, NULL, 244, 'reply', '2025-06-02 12:13:21', '2025-06-02 12:13:21'),
(349, 6, NULL, 245, 'reply', '2025-06-02 12:13:43', '2025-06-02 12:13:43'),
(350, 6, NULL, 246, 'reply', '2025-06-02 12:13:53', '2025-06-02 12:13:53'),
(351, 6, NULL, 220, 'comment', '2025-06-02 13:17:40', '2025-06-02 13:17:40'),
(352, 6, NULL, 254, 'reply', '2025-06-02 13:18:00', '2025-06-02 13:18:00'),
(353, 6, NULL, 257, 'reply', '2025-06-02 13:18:32', '2025-06-02 13:18:32'),
(354, 6, NULL, 260, 'reply', '2025-06-02 13:19:08', '2025-06-02 13:19:08');

-- --------------------------------------------------------

--
-- Table structure for table `twitter_followers`
--

CREATE TABLE `twitter_followers` (
  `id` int(11) NOT NULL,
  `followers` int(11) DEFAULT NULL,
  `following` int(11) DEFAULT NULL,
  `created_at` timestamp NOT NULL DEFAULT current_timestamp(),
  `updated_at` timestamp NOT NULL DEFAULT current_timestamp() ON UPDATE current_timestamp()
) ENGINE=InnoDB DEFAULT CHARSET=utf8mb4 COLLATE=utf8mb4_general_ci;

--
-- Dumping data for table `twitter_followers`
--

INSERT INTO `twitter_followers` (`id`, `followers`, `following`, `created_at`, `updated_at`) VALUES
(29, 2, 7, '2025-05-17 12:09:46', '2025-05-17 12:09:46'),
(30, 3, 7, '2025-05-17 12:09:48', '2025-05-17 12:09:48'),
(34, 6, 7, '2025-05-17 12:09:54', '2025-05-17 12:09:54'),
(40, 2, 9, '2025-05-19 05:27:59', '2025-05-19 05:27:59'),
(41, 3, 9, '2025-05-19 05:28:00', '2025-05-19 05:28:00'),
(51, 7, 10, '2025-05-19 10:08:35', '2025-05-19 10:08:35'),
(71, 4, 10, '2025-05-19 11:23:20', '2025-05-19 11:23:20'),
(73, 3, 10, '2025-05-19 11:25:30', '2025-05-19 11:25:30'),
(77, 7, 3, '2025-05-20 05:08:58', '2025-05-20 05:08:58'),
(78, 6, 3, '2025-05-20 05:08:59', '2025-05-20 05:08:59'),
(86, 3, 11, '2025-05-20 13:48:20', '2025-05-20 13:48:20'),
(92, 6, 2, '2025-05-22 17:49:11', '2025-05-22 17:49:11'),
(98, 3, 8, '2025-05-24 07:10:24', '2025-05-24 07:10:24'),
(103, 2, 11, '2025-05-29 10:11:43', '2025-05-29 10:11:43'),
(112, 6, 11, '2025-05-29 10:59:30', '2025-05-29 10:59:30'),
(118, 8, 11, '2025-05-29 12:48:08', '2025-05-29 12:48:08'),
(119, 11, 7, '2025-05-29 12:53:38', '2025-05-29 12:53:38'),
(126, 11, 8, '2025-05-30 06:16:33', '2025-05-30 06:16:33'),
(127, 10, 8, '2025-05-30 06:16:34', '2025-05-30 06:16:34'),
(128, 9, 8, '2025-05-30 06:16:34', '2025-05-30 06:16:34'),
(129, 7, 8, '2025-05-30 06:16:35', '2025-05-30 06:16:35'),
(130, 6, 8, '2025-05-30 06:16:35', '2025-05-30 06:16:35'),
(131, 9, 11, '2025-05-30 06:22:15', '2025-05-30 06:22:15'),
(132, 7, 11, '2025-05-30 06:22:16', '2025-05-30 06:22:16'),
(139, 3, 4, '2025-05-30 08:21:51', '2025-05-30 08:21:51'),
(140, 2, 4, '2025-05-30 10:13:34', '2025-05-30 10:13:34'),
(141, 11, 6, '2025-05-31 11:42:15', '2025-05-31 11:42:15'),
(142, 10, 6, '2025-05-31 11:42:16', '2025-05-31 11:42:16'),
(143, 9, 6, '2025-05-31 11:42:17', '2025-05-31 11:42:17'),
(144, 8, 6, '2025-05-31 11:42:17', '2025-05-31 11:42:17'),
(163, 4, 2, '2025-06-02 06:02:23', '2025-06-02 06:02:23');

-- --------------------------------------------------------

--
-- Table structure for table `twitter_notifications`
--

CREATE TABLE `twitter_notifications` (
  `id` int(11) NOT NULL,
  `user_id` int(11) NOT NULL,
  `sender_id` int(11) NOT NULL,
  `post_id` int(11) DEFAULT NULL,
  `type` enum('follow','like','comment') NOT NULL,
  `message` varchar(255) NOT NULL,
  `is_read` tinyint(1) DEFAULT 0,
  `created_at` timestamp NOT NULL DEFAULT current_timestamp(),
  `updated_at` timestamp NOT NULL DEFAULT current_timestamp() ON UPDATE current_timestamp()
) ENGINE=InnoDB DEFAULT CHARSET=utf8mb4 COLLATE=utf8mb4_general_ci;

--
-- Dumping data for table `twitter_notifications`
--

INSERT INTO `twitter_notifications` (`id`, `user_id`, `sender_id`, `post_id`, `type`, `message`, `is_read`, `created_at`, `updated_at`) VALUES
(20, 9, 2, 54, 'like', '@mahesh_0909 liked your post.', 0, '2025-05-25 08:58:27', '2025-05-25 08:58:27'),
(49, 4, 2, 31, 'like', '@mahesh_0909 liked your post.', 1, '2025-05-25 21:06:13', '2025-05-30 08:17:03'),
(50, 9, 2, 55, 'like', '@mahesh_0909 liked your post.', 0, '2025-05-25 21:17:19', '2025-05-25 21:17:19'),
(59, 2, 7, 26, 'like', '@mr_ravi0909 liked your post.', 1, '2025-05-28 11:20:57', '2025-05-29 12:52:33'),
(72, 2, 7, 45, 'like', '@mr_ravi0909 liked your reply.', 1, '2025-05-28 12:23:16', '2025-05-29 12:52:33'),
(81, 2, 11, 12, 'like', '@ravindra0000 liked your reply.', 1, '2025-05-29 06:48:02', '2025-05-29 12:52:33'),
(86, 2, 11, 11, 'like', '@ravindra0000 liked your reply.', 1, '2025-05-29 08:10:29', '2025-05-29 12:52:33'),
(89, 6, 11, NULL, 'follow', '@ravindra0000 Started to following you.', 1, '2025-05-29 10:59:30', '2025-05-29 10:59:42'),
(94, 8, 11, 52, 'like', '@ravindra0000 liked your post.', 1, '2025-05-29 12:48:35', '2025-05-29 12:48:41'),
(97, 11, 7, NULL, 'follow', '@mr_ravi0909 Started to following you.', 1, '2025-05-29 12:53:38', '2025-05-30 06:24:18'),
(99, 4, 7, 29, 'like', '@mr_ravi0909 liked your post.', 1, '2025-05-30 05:11:50', '2025-05-30 08:17:03'),
(100, 4, 7, 31, 'like', '@mr_ravi0909 liked your post.', 1, '2025-05-30 05:11:51', '2025-05-30 08:17:03'),
(105, 7, 2, 109, 'like', '@mahesh_0909 liked your post.', 1, '2025-05-30 05:52:00', '2025-05-30 05:53:34'),
(107, 7, 2, 50, 'like', '@mahesh_0909 liked your post.', 1, '2025-05-30 05:52:02', '2025-05-30 05:53:34'),
(108, 7, 2, 49, 'like', '@mahesh_0909 liked your post.', 1, '2025-05-30 05:52:03', '2025-05-30 05:53:34'),
(112, 3, 7, 21, 'like', '@mr_ravi0909 liked your post.', 0, '2025-05-30 06:02:54', '2025-05-30 06:02:54'),
(113, 6, 7, 45, 'like', '@mr_ravi0909 liked your post.', 0, '2025-05-30 06:02:56', '2025-05-30 06:02:56'),
(114, 9, 7, 55, 'like', '@mr_ravi0909 liked your post.', 0, '2025-05-30 06:02:57', '2025-05-30 06:02:57'),
(115, 2, 7, 11, 'like', '@mr_ravi0909 liked your post.', 1, '2025-05-30 06:02:58', '2025-06-02 05:27:41'),
(117, 9, 7, 54, 'like', '@mr_ravi0909 liked your post.', 0, '2025-05-30 06:03:03', '2025-05-30 06:03:03'),
(118, 2, 7, 33, 'like', '@mr_ravi0909 liked your post.', 1, '2025-05-30 06:03:04', '2025-06-02 05:27:41'),
(120, 6, 7, 114, 'like', '@mr_ravi0909 liked your post.', 0, '2025-05-30 06:03:08', '2025-05-30 06:03:08'),
(122, 2, 7, 111, 'like', '@mr_ravi0909 liked your post.', 1, '2025-05-30 06:03:11', '2025-06-02 05:27:41'),
(123, 2, 7, 112, 'like', '@mr_ravi0909 liked your post.', 1, '2025-05-30 06:03:12', '2025-06-02 05:27:41'),
(124, 2, 7, 101, 'like', '@mr_ravi0909 liked your post.', 1, '2025-05-30 06:03:17', '2025-06-02 05:27:41'),
(125, 6, 7, 113, 'like', '@mr_ravi0909 liked your post.', 0, '2025-05-30 06:03:19', '2025-05-30 06:03:19'),
(126, 2, 7, 12, 'like', '@mr_ravi0909 liked your post.', 1, '2025-05-30 06:03:23', '2025-06-02 05:27:41'),
(127, 11, 7, 105, 'like', '@mr_ravi0909 liked your post.', 1, '2025-05-30 06:03:24', '2025-05-30 06:24:18'),
(128, 2, 7, 60, 'like', '@mr_ravi0909 liked your post.', 1, '2025-05-30 06:03:27', '2025-06-02 05:27:41'),
(129, 8, 7, 52, 'like', '@mr_ravi0909 liked your post.', 0, '2025-05-30 06:03:30', '2025-05-30 06:03:30'),
(130, 2, 7, 26, 'like', '@mr_ravi0909 liked your post.', 1, '2025-05-30 06:03:32', '2025-06-02 05:27:41'),
(131, 10, 7, 56, 'like', '@mr_ravi0909 liked your post.', 0, '2025-05-30 06:03:34', '2025-05-30 06:03:34'),
(132, 3, 7, 20, 'like', '@mr_ravi0909 liked your post.', 0, '2025-05-30 06:03:35', '2025-05-30 06:03:35'),
(133, 10, 7, 57, 'like', '@mr_ravi0909 liked your post.', 0, '2025-05-30 06:03:38', '2025-05-30 06:03:38'),
(137, 6, 7, 43, 'like', '@mr_ravi0909 liked your post.', 0, '2025-05-30 06:03:44', '2025-05-30 06:03:44'),
(138, 4, 2, 29, 'like', '@mahesh_0909 liked your post.', 1, '2025-05-30 06:04:00', '2025-05-30 08:17:03'),
(139, 9, 2, 54, 'like', '@mahesh_0909 liked your post.', 0, '2025-05-30 06:04:01', '2025-05-30 06:04:01'),
(140, 10, 2, 57, 'like', '@mahesh_0909 liked your post.', 0, '2025-05-30 06:04:04', '2025-05-30 06:04:04'),
(141, 3, 2, 21, 'like', '@mahesh_0909 liked your post.', 0, '2025-05-30 06:04:06', '2025-05-30 06:04:06'),
(142, 11, 2, 105, 'like', '@mahesh_0909 liked your post.', 1, '2025-05-30 06:04:08', '2025-05-30 06:24:18'),
(145, 9, 2, 55, 'like', '@mahesh_0909 liked your post.', 0, '2025-05-30 06:04:20', '2025-05-30 06:04:20'),
(146, 10, 2, 56, 'like', '@mahesh_0909 liked your post.', 0, '2025-05-30 06:04:34', '2025-05-30 06:04:34'),
(147, 6, 2, 43, 'like', '@mahesh_0909 liked your post.', 0, '2025-05-30 06:04:35', '2025-05-30 06:04:35'),
(148, 4, 2, 31, 'like', '@mahesh_0909 liked your post.', 1, '2025-05-30 06:04:37', '2025-05-30 08:17:03'),
(149, 7, 2, 48, 'like', '@mahesh_0909 liked your post.', 0, '2025-05-30 06:04:38', '2025-05-30 06:04:38'),
(150, 6, 2, 114, 'like', '@mahesh_0909 liked your post.', 0, '2025-05-30 06:04:49', '2025-05-30 06:04:49'),
(151, 3, 2, 20, 'like', '@mahesh_0909 liked your post.', 0, '2025-05-30 06:04:52', '2025-05-30 06:04:52'),
(152, 6, 2, 113, 'like', '@mahesh_0909 liked your post.', 0, '2025-05-30 06:05:01', '2025-05-30 06:05:01'),
(153, 6, 2, 45, 'like', '@mahesh_0909 liked your post.', 0, '2025-05-30 06:05:04', '2025-05-30 06:05:04'),
(155, 7, 2, 110, 'like', '@mahesh_0909 liked your post.', 0, '2025-05-30 06:07:23', '2025-05-30 06:07:23'),
(156, 2, 10, 26, 'like', '@vikram0000 liked your post.', 1, '2025-05-30 06:08:59', '2025-06-02 05:27:41'),
(158, 6, 10, 113, 'like', '@vikram0000 liked your post.', 0, '2025-05-30 06:09:36', '2025-05-30 06:09:36'),
(159, 7, 10, 49, 'like', '@vikram0000 liked your post.', 0, '2025-05-30 06:09:38', '2025-05-30 06:09:38'),
(160, 6, 10, 43, 'like', '@vikram0000 liked your post.', 0, '2025-05-30 06:09:43', '2025-05-30 06:09:43'),
(161, 11, 10, 105, 'like', '@vikram0000 liked your post.', 1, '2025-05-30 06:09:47', '2025-05-30 06:24:18'),
(162, 7, 10, 50, 'like', '@vikram0000 liked your post.', 0, '2025-05-30 06:09:52', '2025-05-30 06:09:52'),
(163, 2, 10, 112, 'like', '@vikram0000 liked your post.', 1, '2025-05-30 06:09:56', '2025-06-02 05:27:41'),
(165, 7, 10, 110, 'like', '@vikram0000 liked your post.', 0, '2025-05-30 06:10:08', '2025-05-30 06:10:08'),
(166, 6, 10, 45, 'like', '@vikram0000 liked your post.', 0, '2025-05-30 06:10:12', '2025-05-30 06:10:12'),
(167, 2, 10, 33, 'like', '@vikram0000 liked your post.', 1, '2025-05-30 06:10:17', '2025-06-02 05:27:41'),
(168, 7, 10, 109, 'like', '@vikram0000 liked your post.', 0, '2025-05-30 06:10:22', '2025-05-30 06:10:22'),
(169, 2, 10, 111, 'like', '@vikram0000 liked your post.', 1, '2025-05-30 06:10:27', '2025-06-02 05:27:41'),
(170, 9, 10, 54, 'like', '@vikram0000 liked your post.', 0, '2025-05-30 06:10:33', '2025-05-30 06:10:33'),
(171, 2, 10, 101, 'like', '@vikram0000 liked your post.', 1, '2025-05-30 06:10:42', '2025-06-02 05:27:41'),
(172, 2, 10, 12, 'like', '@vikram0000 liked your post.', 1, '2025-05-30 06:10:47', '2025-06-02 05:27:41'),
(173, 2, 10, 11, 'like', '@vikram0000 liked your post.', 1, '2025-05-30 06:10:52', '2025-06-02 05:27:41'),
(174, 4, 10, 29, 'like', '@vikram0000 liked your post.', 1, '2025-05-30 06:10:56', '2025-05-30 08:17:03'),
(175, 7, 10, 108, 'like', '@vikram0000 liked your post.', 0, '2025-05-30 06:11:04', '2025-05-30 06:11:04'),
(177, 9, 10, 55, 'like', '@vikram0000 liked your post.', 0, '2025-05-30 06:11:30', '2025-05-30 06:11:30'),
(178, 3, 10, 21, 'like', '@vikram0000 liked your post.', 0, '2025-05-30 06:11:35', '2025-05-30 06:11:35'),
(180, 2, 10, 60, 'like', '@vikram0000 liked your post.', 1, '2025-05-30 06:11:49', '2025-06-02 05:27:41'),
(181, 4, 10, 31, 'like', '@vikram0000 liked your post.', 1, '2025-05-30 06:11:57', '2025-05-30 08:17:03'),
(184, 7, 10, 48, 'like', '@vikram0000 liked your comment.', 0, '2025-05-30 06:13:26', '2025-05-30 06:13:26'),
(185, 7, 10, 49, 'like', '@vikram0000 liked your comment.', 0, '2025-05-30 06:13:27', '2025-05-30 06:13:27'),
(186, 7, 10, 50, 'like', '@vikram0000 liked your comment.', 0, '2025-05-30 06:13:28', '2025-05-30 06:13:28'),
(189, 7, 10, 45, 'like', '@vikram0000 liked your comment.', 0, '2025-05-30 06:13:31', '2025-05-30 06:13:31'),
(191, 7, 10, 43, 'like', '@vikram0000 liked your comment.', 0, '2025-05-30 06:13:34', '2025-05-30 06:13:34'),
(194, 11, 8, NULL, 'follow', '@kushal_00 Started to following you.', 1, '2025-05-30 06:16:33', '2025-05-30 06:24:18'),
(195, 10, 8, NULL, 'follow', '@kushal_00 Started to following you.', 0, '2025-05-30 06:16:34', '2025-05-30 06:16:34'),
(196, 9, 8, NULL, 'follow', '@kushal_00 Started to following you.', 0, '2025-05-30 06:16:34', '2025-05-30 06:16:34'),
(197, 7, 8, NULL, 'follow', '@kushal_00 Started to following you.', 0, '2025-05-30 06:16:35', '2025-05-30 06:16:35'),
(198, 6, 8, NULL, 'follow', '@kushal_00 Started to following you.', 0, '2025-05-30 06:16:35', '2025-05-30 06:16:35'),
(199, 6, 8, 113, 'like', '@kushal_00 liked your post.', 0, '2025-05-30 06:18:55', '2025-05-30 06:18:55'),
(200, 4, 8, 31, 'like', '@kushal_00 liked your post.', 1, '2025-05-30 06:19:08', '2025-05-30 08:17:03'),
(201, 7, 8, 110, 'like', '@kushal_00 liked your post.', 0, '2025-05-30 06:19:12', '2025-05-30 06:19:12'),
(202, 10, 8, 56, 'like', '@kushal_00 liked your post.', 0, '2025-05-30 06:19:16', '2025-05-30 06:19:16'),
(203, 6, 8, 43, 'like', '@kushal_00 liked your post.', 0, '2025-05-30 06:19:21', '2025-05-30 06:19:21'),
(204, 10, 8, 57, 'like', '@kushal_00 liked your post.', 0, '2025-05-30 06:19:26', '2025-05-30 06:19:26'),
(206, 3, 8, 20, 'like', '@kushal_00 liked your post.', 0, '2025-05-30 06:19:37', '2025-05-30 06:19:37'),
(208, 7, 8, 48, 'like', '@kushal_00 liked your post.', 0, '2025-05-30 06:19:44', '2025-05-30 06:19:44'),
(209, 2, 8, 33, 'like', '@kushal_00 liked your post.', 1, '2025-05-30 06:19:52', '2025-06-02 05:27:41'),
(210, 9, 8, 54, 'like', '@kushal_00 liked your post.', 0, '2025-05-30 06:19:55', '2025-05-30 06:19:55'),
(212, 9, 11, NULL, 'follow', '@ravindra0000 Started to following you.', 0, '2025-05-30 06:22:15', '2025-05-30 06:22:15'),
(213, 7, 11, NULL, 'follow', '@ravindra0000 Started to following you.', 0, '2025-05-30 06:22:16', '2025-05-30 06:22:16'),
(214, 6, 4, NULL, 'follow', '@suresh_0000 Started to following you.', 0, '2025-05-30 06:25:02', '2025-05-30 06:25:02'),
(215, 8, 4, NULL, 'follow', '@suresh_0000 Started to following you.', 0, '2025-05-30 06:25:03', '2025-05-30 06:25:03'),
(216, 11, 4, NULL, 'follow', '@suresh_0000 Started to following you.', 0, '2025-05-30 06:25:04', '2025-05-30 06:25:04'),
(217, 7, 4, 109, 'like', '@suresh_0000 liked your post.', 0, '2025-05-30 06:26:21', '2025-05-30 06:26:21'),
(218, 9, 4, 55, 'like', '@suresh_0000 liked your post.', 0, '2025-05-30 06:26:33', '2025-05-30 06:26:33'),
(221, 8, 4, 52, 'like', '@suresh_0000 liked your post.', 0, '2025-05-30 06:27:44', '2025-05-30 06:27:44'),
(223, 10, 4, 56, 'like', '@suresh_0000 liked your post.', 0, '2025-05-30 06:32:17', '2025-05-30 06:32:17'),
(224, 7, 4, NULL, 'follow', '@suresh_0000 Started to following you.', 0, '2025-05-30 06:33:27', '2025-05-30 06:33:27'),
(225, 3, 4, NULL, 'follow', '@suresh_0000 Started to following you.', 0, '2025-05-30 06:33:29', '2025-05-30 06:33:29'),
(226, 9, 4, NULL, 'follow', '@suresh_0000 Started to following you.', 0, '2025-05-30 06:33:29', '2025-05-30 06:33:29'),
(230, 2, 4, 6, 'like', '@suresh_0000 liked your post.', 1, '2025-05-30 08:18:24', '2025-06-02 05:27:41'),
(231, 3, 4, NULL, 'follow', '@suresh_0000 Started to following you.', 0, '2025-05-30 08:21:51', '2025-05-30 08:21:51'),
(232, 2, 4, NULL, 'follow', '@suresh_0000 Started to following you.', 1, '2025-05-30 10:13:34', '2025-06-02 05:27:41'),
(242, 7, 2, 43, 'like', '@mahesh_0909 liked your comment.', 0, '2025-05-31 11:08:42', '2025-05-31 11:08:42'),
(245, 11, 6, NULL, 'follow', '@ashish0000 Started to following you.', 0, '2025-05-31 11:42:15', '2025-05-31 11:42:15'),
(246, 10, 6, NULL, 'follow', '@ashish0000 Started to following you.', 0, '2025-05-31 11:42:16', '2025-05-31 11:42:16'),
(247, 9, 6, NULL, 'follow', '@ashish0000 Started to following you.', 0, '2025-05-31 11:42:17', '2025-05-31 11:42:17'),
(248, 8, 6, NULL, 'follow', '@ashish0000 Started to following you.', 0, '2025-05-31 11:42:18', '2025-05-31 11:42:18'),
(249, 2, 6, 63, 'like', '@ashish0000 liked your post.', 1, '2025-05-31 12:41:30', '2025-06-02 05:27:41'),
(250, 2, 6, 169, 'like', '@ashish0000 liked your post.', 1, '2025-05-31 12:41:37', '2025-06-02 05:27:41'),
(251, 3, 6, 20, 'like', '@ashish0000 liked your post.', 0, '2025-05-31 12:41:59', '2025-05-31 12:41:59'),
(252, 2, 6, 12, 'like', '@ashish0000 liked your post.', 1, '2025-05-31 12:43:53', '2025-06-02 05:27:41'),
(253, 3, 6, 21, 'like', '@ashish0000 liked your post.', 0, '2025-05-31 12:44:07', '2025-05-31 12:44:07'),
(254, 10, 6, 57, 'like', '@ashish0000 liked your post.', 0, '2025-05-31 12:44:33', '2025-05-31 12:44:33'),
(255, 4, 2, 120, 'like', '@mahesh_0909 liked your post.', 0, '2025-05-31 12:45:33', '2025-05-31 12:45:33'),
(261, 11, 2, NULL, 'follow', '@mahesh_0909 Started to following you.', 0, '2025-06-02 05:16:36', '2025-06-02 05:16:36');

-- --------------------------------------------------------

--
-- Table structure for table `twitter_posts`
--

CREATE TABLE `twitter_posts` (
  `id` int(11) NOT NULL,
  `user_id` int(11) DEFAULT NULL,
  `post_file` varchar(255) DEFAULT NULL,
  `description` varchar(500) DEFAULT NULL,
  `created_at` timestamp NOT NULL DEFAULT current_timestamp(),
  `updated_at` timestamp NOT NULL DEFAULT current_timestamp() ON UPDATE current_timestamp()
) ENGINE=InnoDB DEFAULT CHARSET=utf8mb4 COLLATE=utf8mb4_general_ci;

--
-- Dumping data for table `twitter_posts`
--

INSERT INTO `twitter_posts` (`id`, `user_id`, `post_file`, `description`, `created_at`, `updated_at`) VALUES
(6, 2, '1747127022.jpg', 'my second post with Image', '2025-05-13 09:03:42', '2025-05-13 09:03:42'),
(11, 2, '', 'hello', '2025-05-13 09:14:44', '2025-05-13 09:14:44'),
(12, 2, '1747127824.png', '', '2025-05-13 09:17:04', '2025-05-13 09:17:04'),
(20, 3, '1747139239.png', 'First Post', '2025-05-13 12:27:19', '2025-05-13 12:27:19'),
(21, 3, '', 'second post', '2025-05-13 12:27:48', '2025-05-13 12:27:48'),
(26, 2, '1747144498.jpg', 'this is noptification post', '2025-05-13 13:54:58', '2025-05-13 13:54:58'),
(29, 4, '', 'first post by @suresh_0000', '2025-05-14 11:09:31', '2025-05-14 11:09:31'),
(31, 4, '', 'good after noon', '2025-05-14 11:13:20', '2025-05-14 11:13:20'),
(33, 2, '', 'good night again', '2025-05-14 19:31:07', '2025-05-14 19:31:07'),
(43, 6, '', 'letest post', '2025-05-17 06:46:56', '2025-05-17 06:46:56'),
(45, 6, '1747464452.jpg', '', '2025-05-17 06:47:32', '2025-05-17 06:47:32'),
(48, 7, '', 'good after noon', '2025-05-17 08:42:53', '2025-05-17 08:42:53'),
(49, 7, '1747471638.jpg', '', '2025-05-17 08:47:18', '2025-05-17 08:47:18'),
(50, 7, '1747472309.jpg', '', '2025-05-17 08:58:29', '2025-05-17 08:58:29'),
(52, 8, '', 'first Post', '2025-05-19 05:21:47', '2025-05-19 05:21:47'),
(53, 8, '1747632259.png', '', '2025-05-19 05:24:19', '2025-05-19 05:24:19'),
(54, 9, '', 'letest post', '2025-05-19 05:26:48', '2025-05-19 05:26:48'),
(55, 9, '1747632417.png', '', '2025-05-19 05:26:57', '2025-05-19 05:26:57'),
(56, 10, '1747648906.jpg', '', '2025-05-19 10:01:46', '2025-05-19 10:01:46'),
(57, 10, '1747648914.png', '', '2025-05-19 10:01:54', '2025-05-19 10:01:54'),
(60, 2, '1747806633.jpg', '', '2025-05-21 05:50:33', '2025-05-21 05:50:33'),
(62, 2, '1747807311.png', '', '2025-05-21 06:01:51', '2025-05-21 06:01:51'),
(63, 2, '1747807332.jpg', '', '2025-05-21 06:02:12', '2025-05-21 06:02:12'),
(101, 2, '1747817512.png', '', '2025-05-21 08:51:52', '2025-05-21 08:51:52'),
(105, 11, '', 'new Post', '2025-05-21 12:33:56', '2025-05-21 12:33:56'),
(108, 7, '1748526987.mp4', '', '2025-05-29 13:56:27', '2025-05-29 13:56:27'),
(109, 7, '1748526998.mp4', '', '2025-05-29 13:56:38', '2025-05-29 13:56:38'),
(110, 7, '1748527030.mp4', '', '2025-05-29 13:57:10', '2025-05-29 13:57:10'),
(111, 2, '1748527095.mp4', '', '2025-05-29 13:58:15', '2025-05-29 13:58:15'),
(112, 2, '1748527113.mp4', '', '2025-05-29 13:58:33', '2025-05-29 13:58:33'),
(113, 6, '1748527155.mp4', '', '2025-05-29 13:59:15', '2025-05-29 13:59:15'),
(114, 6, '1748527171.mp4', '', '2025-05-29 13:59:31', '2025-05-29 13:59:31'),
(115, 11, '1748586166.mp4', '', '2025-05-30 06:22:46', '2025-05-30 06:22:46'),
(116, 11, '1748586174.mp4', '', '2025-05-30 06:22:54', '2025-05-30 06:22:54'),
(120, 4, '1748591228.jpg', '', '2025-05-30 07:47:08', '2025-05-30 07:47:08'),
(156, 4, '1748601676.mp4', '', '2025-05-30 10:41:16', '2025-05-30 10:41:16'),
(157, 4, '1748601737.mp4', '', '2025-05-30 10:42:17', '2025-05-30 10:42:17'),
(158, 4, '1748601753.mp4', '', '2025-05-30 10:42:33', '2025-05-30 10:42:33'),
(161, 2, '1748694066.png', '', '2025-05-31 12:21:06', '2025-05-31 12:21:06'),
(163, 2, '1748694110.webp', '', '2025-05-31 12:21:50', '2025-05-31 12:21:50'),
(164, 2, '1748694129.jpg', 'new Home', '2025-05-31 12:22:09', '2025-05-31 12:22:09'),
(165, 2, '1748694787.mp4', 'viral', '2025-05-31 12:33:07', '2025-05-31 12:33:07'),
(166, 2, '1748694826.mp4', 'rider bhai', '2025-05-31 12:33:46', '2025-05-31 12:33:46'),
(167, 2, '1748694872.mp4', 'trending video', '2025-05-31 12:34:32', '2025-05-31 12:34:32'),
(168, 2, '1748694971.png', '', '2025-05-31 12:36:11', '2025-05-31 12:36:11'),
(169, 2, '1748694984.svg', '', '2025-05-31 12:36:24', '2025-05-31 12:36:24'),
(170, 2, '1748695000.png', '', '2025-05-31 12:36:40', '2025-05-31 12:36:40'),
(172, 2, '1748695053.png', '', '2025-05-31 12:37:33', '2025-05-31 12:37:33'),
(173, 6, '1748695208.mp4', 'treding news', '2025-05-31 12:40:08', '2025-05-31 12:40:08'),
(174, 6, '1748695251.mp4', 'bike rider', '2025-05-31 12:40:51', '2025-05-31 12:40:51'),
(175, 6, '1748695274.mp4', 'treding', '2025-05-31 12:41:14', '2025-05-31 12:41:14'),
(176, 2, '', 'ascascsc', '2025-06-02 05:15:37', '2025-06-02 05:15:37'),
(178, 2, '', 'safdsfsadfsfsfsaasfd', '2025-06-02 05:22:12', '2025-06-02 05:22:12'),
(179, 2, '', 'A', '2025-06-02 12:10:12', '2025-06-02 12:10:12');

-- --------------------------------------------------------

--
-- Table structure for table `twitter_post_comments`
--

CREATE TABLE `twitter_post_comments` (
  `id` int(11) NOT NULL,
  `user_id` int(11) DEFAULT NULL,
  `post_id` int(11) DEFAULT NULL,
  `comments` varchar(1000) DEFAULT NULL,
  `created_at` timestamp NOT NULL DEFAULT current_timestamp(),
  `updated_at` timestamp NOT NULL DEFAULT current_timestamp() ON UPDATE current_timestamp()
) ENGINE=InnoDB DEFAULT CHARSET=utf8mb4 COLLATE=utf8mb4_general_ci;

--
-- Dumping data for table `twitter_post_comments`
--

INSERT INTO `twitter_post_comments` (`id`, `user_id`, `post_id`, `comments`, `created_at`, `updated_at`) VALUES
(3, 2, 33, 'new comment', '2025-05-17 05:23:49', '2025-05-17 05:23:49'),
(6, 6, 43, 'first comment', '2025-05-17 06:47:10', '2025-05-17 06:47:10'),
(7, 7, 48, 'good after noon', '2025-05-17 08:43:16', '2025-05-17 08:43:16'),
(8, 7, 48, 'hello', '2025-05-17 08:43:25', '2025-05-17 08:43:25'),
(9, 7, 48, 'hay everyOne', '2025-05-17 08:43:36', '2025-05-17 08:43:36'),
(10, 7, 50, 'dsfsfs', '2025-05-17 10:44:12', '2025-05-17 10:44:12'),
(13, 10, 12, 'hello', '2025-05-19 13:06:59', '2025-05-19 13:06:59'),
(14, 3, 49, 'comment', '2025-05-19 13:26:30', '2025-05-19 13:26:30'),
(16, 2, 63, 'dsfdsfd', '2025-05-21 08:12:18', '2025-05-21 08:12:18'),
(18, 2, 62, 'gthyth', '2025-05-21 08:15:20', '2025-05-21 08:15:20'),
(25, 11, 105, 'fdhfghdfgh', '2025-05-21 12:34:07', '2025-05-21 12:34:07'),
(28, 2, 101, 'scomment', '2025-05-24 19:41:39', '2025-05-24 19:41:39'),
(29, 2, 52, 'comment', '2025-05-24 19:41:51', '2025-05-24 19:41:51'),
(30, 2, 55, 'sadsd', '2025-05-25 08:58:24', '2025-05-25 08:58:24'),
(31, 2, 55, 'hello', '2025-05-25 09:08:04', '2025-05-25 09:08:04'),
(32, 2, 55, 'hello', '2025-05-25 09:55:33', '2025-05-25 09:55:33'),
(34, 2, 50, 'new comment', '2025-05-25 13:10:40', '2025-05-25 13:10:40'),
(35, 2, 62, 'SADAD', '2025-05-25 19:17:26', '2025-05-25 19:17:26'),
(36, 7, 26, 'hello', '2025-05-28 11:21:25', '2025-05-28 11:21:25'),
(37, 7, 63, 'new comment', '2025-05-28 15:32:54', '2025-05-28 15:32:54'),
(38, 11, 62, 'new add comment', '2025-05-29 07:35:02', '2025-05-29 07:35:02'),
(40, 11, 53, 'hello everyOne', '2025-05-29 12:49:39', '2025-05-29 12:49:39'),
(52, 2, 48, 'hay', '2025-05-30 05:52:07', '2025-05-30 05:52:07'),
(53, 2, 50, 'hay', '2025-05-30 05:52:13', '2025-05-30 05:52:13'),
(54, 2, 108, 'this is a video', '2025-05-30 05:52:34', '2025-05-30 05:52:34'),
(55, 2, 108, 'video', '2025-05-30 05:52:42', '2025-05-30 05:52:42'),
(56, 2, 109, 'i comment', '2025-05-30 05:53:06', '2025-05-30 05:53:06'),
(57, 2, 110, 'hay', '2025-05-30 05:53:21', '2025-05-30 05:53:21'),
(58, 2, 110, 'new comment', '2025-05-30 05:54:04', '2025-05-30 05:54:04'),
(59, 10, 26, 'I am vikram', '2025-05-30 06:09:10', '2025-05-30 06:09:10'),
(60, 10, 57, 'I am vikram', '2025-05-30 06:09:26', '2025-05-30 06:09:26'),
(62, 10, 113, 'I am vikram', '2025-05-30 06:09:35', '2025-05-30 06:09:35'),
(63, 10, 49, 'I am vikram', '2025-05-30 06:09:42', '2025-05-30 06:09:42'),
(64, 10, 43, 'I am vikram', '2025-05-30 06:09:46', '2025-05-30 06:09:46'),
(65, 10, 105, 'I am vikram', '2025-05-30 06:09:50', '2025-05-30 06:09:50'),
(66, 10, 50, 'I am vikram', '2025-05-30 06:09:54', '2025-05-30 06:09:54'),
(67, 10, 112, 'I am vikram', '2025-05-30 06:09:59', '2025-05-30 06:09:59'),
(69, 10, 110, 'I am vikram', '2025-05-30 06:10:11', '2025-05-30 06:10:11'),
(70, 10, 45, 'I am vikram', '2025-05-30 06:10:16', '2025-05-30 06:10:16'),
(71, 10, 33, 'I am vikram', '2025-05-30 06:10:20', '2025-05-30 06:10:20'),
(72, 10, 109, 'I am vikram', '2025-05-30 06:10:26', '2025-05-30 06:10:26'),
(73, 10, 111, 'I am vikram', '2025-05-30 06:10:31', '2025-05-30 06:10:31'),
(74, 10, 54, 'I am vikram', '2025-05-30 06:10:35', '2025-05-30 06:10:35'),
(75, 10, 56, 'I am vikram', '2025-05-30 06:10:40', '2025-05-30 06:10:40'),
(76, 10, 101, 'I am vikram', '2025-05-30 06:10:45', '2025-05-30 06:10:45'),
(77, 10, 12, 'I am vikram', '2025-05-30 06:10:51', '2025-05-30 06:10:51'),
(78, 10, 11, 'I am vikram', '2025-05-30 06:10:55', '2025-05-30 06:10:55'),
(79, 10, 29, 'I am vikram', '2025-05-30 06:11:00', '2025-05-30 06:11:00'),
(80, 10, 108, 'I am vikram', '2025-05-30 06:11:07', '2025-05-30 06:11:07'),
(81, 10, 53, 'I am vikram', '2025-05-30 06:11:25', '2025-05-30 06:11:25'),
(82, 10, 55, 'I am vikram', '2025-05-30 06:11:33', '2025-05-30 06:11:33'),
(83, 10, 21, 'I am vikram', '2025-05-30 06:11:39', '2025-05-30 06:11:39'),
(85, 10, 60, 'I am vikram', '2025-05-30 06:11:52', '2025-05-30 06:11:52'),
(86, 10, 31, 'I am vikram', '2025-05-30 06:11:55', '2025-05-30 06:11:55'),
(87, 10, 50, 'I am vikram', '2025-05-30 06:12:02', '2025-05-30 06:12:02'),
(88, 10, 54, 'I am vikram', '2025-05-30 06:12:05', '2025-05-30 06:12:05'),
(89, 10, 110, 'I am vikram', '2025-05-30 06:12:09', '2025-05-30 06:12:09'),
(90, 10, 113, 'I am vikram', '2025-05-30 06:12:13', '2025-05-30 06:12:13'),
(91, 10, 114, 'I am vikram', '2025-05-30 06:12:17', '2025-05-30 06:12:17'),
(92, 10, 26, 'I am vikram', '2025-05-30 06:12:22', '2025-05-30 06:12:22'),
(93, 10, 57, 'I am vikram', '2025-05-30 06:12:27', '2025-05-30 06:12:27'),
(95, 10, 20, 'I am vikram', '2025-05-30 06:12:35', '2025-05-30 06:12:35'),
(96, 10, 20, 'I am vikram', '2025-05-30 06:12:38', '2025-05-30 06:12:38'),
(97, 10, 62, 'I am vikram', '2025-05-30 06:12:42', '2025-05-30 06:12:42'),
(99, 10, 56, 'I am vikram', '2025-05-30 06:12:51', '2025-05-30 06:12:51'),
(100, 10, 52, 'I am vikram', '2025-05-30 06:12:55', '2025-05-30 06:12:55'),
(101, 10, 63, 'I am vikram', '2025-05-30 06:12:58', '2025-05-30 06:12:58'),
(102, 10, 12, 'I am vikram', '2025-05-30 06:13:02', '2025-05-30 06:13:02'),
(103, 10, 49, 'I am vikram', '2025-05-30 06:13:06', '2025-05-30 06:13:06'),
(105, 10, 43, 'I am vikram', '2025-05-30 06:13:13', '2025-05-30 06:13:13'),
(106, 8, 53, 'I am khushal', '2025-05-30 06:18:40', '2025-05-30 06:18:40'),
(107, 8, 53, 'I am khushal', '2025-05-30 06:18:51', '2025-05-30 06:18:51'),
(108, 8, 113, 'I am kushal', '2025-05-30 06:19:06', '2025-05-30 06:19:06'),
(109, 8, 31, 'I am kushal', '2025-05-30 06:19:10', '2025-05-30 06:19:10'),
(110, 8, 110, 'I am kushal', '2025-05-30 06:19:15', '2025-05-30 06:19:15'),
(111, 8, 56, 'I am kushal', '2025-05-30 06:19:20', '2025-05-30 06:19:20'),
(112, 8, 43, 'I am kushal', '2025-05-30 06:19:24', '2025-05-30 06:19:24'),
(113, 8, 57, 'I am kushal', '2025-05-30 06:19:29', '2025-05-30 06:19:29'),
(114, 8, 62, 'I am kushal', '2025-05-30 06:19:35', '2025-05-30 06:19:35'),
(115, 8, 20, 'I am kushal', '2025-05-30 06:19:42', '2025-05-30 06:19:42'),
(116, 8, 48, 'I am kushal', '2025-05-30 06:19:47', '2025-05-30 06:19:47'),
(118, 8, 33, 'I am kushal', '2025-05-30 06:19:54', '2025-05-30 06:19:54'),
(119, 8, 54, 'I am kushal', '2025-05-30 06:19:58', '2025-05-30 06:19:58'),
(122, 11, 116, 'i am ravindra', '2025-05-30 06:23:29', '2025-05-30 06:23:29'),
(123, 11, 115, 'i am ravindra', '2025-05-30 06:23:36', '2025-05-30 06:23:36'),
(125, 4, 109, 'i am suresh', '2025-05-30 06:26:31', '2025-05-30 06:26:31'),
(126, 4, 55, 'i am suresh', '2025-05-30 06:26:36', '2025-05-30 06:26:36'),
(127, 4, 63, 'i am suresh', '2025-05-30 06:26:40', '2025-05-30 06:26:40'),
(128, 4, 29, 'i am suresh', '2025-05-30 06:27:19', '2025-05-30 06:27:19'),
(129, 4, 48, 'i am suresh', '2025-05-30 06:27:23', '2025-05-30 06:27:23'),
(130, 4, 52, 'i am suresh', '2025-05-30 06:27:47', '2025-05-30 06:27:47'),
(131, 4, 60, 'i am suresh', '2025-05-30 06:27:51', '2025-05-30 06:27:51'),
(132, 4, 45, 'i am suresh', '2025-05-30 06:27:54', '2025-05-30 06:27:54'),
(134, 4, 54, 'i am suresh', '2025-05-30 06:28:03', '2025-05-30 06:28:03'),
(135, 4, 21, 'i am suresh', '2025-05-30 06:28:08', '2025-05-30 06:28:08'),
(136, 4, 113, 'i am suresh', '2025-05-30 06:28:12', '2025-05-30 06:28:12'),
(137, 4, 57, 'i am suresh', '2025-05-30 06:28:16', '2025-05-30 06:28:16'),
(138, 4, 101, 'i am suresh', '2025-05-30 06:28:20', '2025-05-30 06:28:20'),
(140, 4, 105, 'i am suresh', '2025-05-30 06:28:27', '2025-05-30 06:28:27'),
(142, 4, 114, 'i am suresh', '2025-05-30 06:28:34', '2025-05-30 06:28:34'),
(143, 4, 12, 'i am suresh', '2025-05-30 06:28:38', '2025-05-30 06:28:38'),
(144, 4, 20, 'i am suresh', '2025-05-30 06:28:42', '2025-05-30 06:28:42'),
(145, 4, 11, 'i am suresh', '2025-05-30 06:28:45', '2025-05-30 06:28:45'),
(146, 4, 111, 'i am suresh', '2025-05-30 06:28:51', '2025-05-30 06:28:51'),
(147, 4, 62, 'i am suresh', '2025-05-30 06:28:55', '2025-05-30 06:28:55'),
(148, 4, 6, 'i am suresh', '2025-05-30 06:28:59', '2025-05-30 06:28:59'),
(149, 4, 6, 'nice smile', '2025-05-30 06:29:30', '2025-05-30 06:29:30'),
(150, 4, 116, 'commented by suresh', '2025-05-30 06:30:30', '2025-05-30 06:30:30'),
(151, 4, 49, 'i am suresh', '2025-05-30 06:30:35', '2025-05-30 06:30:35'),
(152, 4, 108, 'techonologiya', '2025-05-30 06:30:53', '2025-05-30 06:30:53'),
(153, 4, 33, 'i am suresh', '2025-05-30 06:30:57', '2025-05-30 06:30:57'),
(154, 4, 108, 'i am suresh', '2025-05-30 06:31:00', '2025-05-30 06:31:00'),
(155, 4, 33, 'i am suresh', '2025-05-30 06:31:03', '2025-05-30 06:31:03'),
(156, 4, 43, 'i am suresh', '2025-05-30 06:31:07', '2025-05-30 06:31:07'),
(158, 4, 110, 'ravindra0000', '2025-05-30 06:32:16', '2025-05-30 06:32:16'),
(159, 4, 56, 'i am suresh', '2025-05-30 06:32:36', '2025-05-30 06:32:36'),
(160, 4, 26, 'i am suresh', '2025-05-30 06:32:41', '2025-05-30 06:32:41'),
(161, 4, 53, 'i am suresh', '2025-05-30 06:32:45', '2025-05-30 06:32:45'),
(162, 4, 112, 'i am suresh', '2025-05-30 06:32:49', '2025-05-30 06:32:49'),
(163, 4, 31, 'i am suresh', '2025-05-30 06:32:54', '2025-05-30 06:32:54'),
(164, 4, 115, 'i am suresh', '2025-05-30 06:32:59', '2025-05-30 06:32:59'),
(165, 4, 31, 'this is my post', '2025-05-30 06:33:11', '2025-05-30 06:33:11'),
(168, 4, 120, 'hay', '2025-05-30 10:42:53', '2025-05-30 10:42:53'),
(169, 4, 120, 'i am suresh', '2025-05-30 10:43:00', '2025-05-30 10:43:00'),
(170, 4, 156, 'politics', '2025-05-30 10:43:23', '2025-05-30 10:43:23'),
(171, 4, 156, 'political', '2025-05-30 10:43:39', '2025-05-30 10:43:39'),
(172, 4, 157, 'technologiya', '2025-05-30 10:43:52', '2025-05-30 10:43:52'),
(173, 4, 158, 'pm', '2025-05-30 10:45:43', '2025-05-30 10:45:43'),
(174, 4, 158, 'hay', '2025-05-30 10:45:51', '2025-05-30 10:45:51'),
(175, 4, 120, 'my comment', '2025-05-30 10:58:59', '2025-05-30 10:58:59'),
(180, 2, 53, 'i am mehesh', '2025-05-30 11:49:11', '2025-05-30 11:49:11'),
(181, 2, 53, 'yes i am mahesh', '2025-05-30 11:49:28', '2025-05-30 11:49:28'),
(185, 2, 113, 'technologiya', '2025-05-30 13:11:16', '2025-05-30 13:11:16'),
(194, 2, 26, 'i am suresh', '2025-05-31 10:09:16', '2025-05-31 10:09:16'),
(196, 2, 167, 'Elon / alone', '2025-05-31 12:38:52', '2025-05-31 12:38:52'),
(197, 6, 169, 'right arrow', '2025-05-31 12:41:53', '2025-05-31 12:41:53'),
(198, 6, 20, 'gallery image', '2025-05-31 12:42:14', '2025-05-31 12:42:14'),
(199, 6, 43, '2W  letest post', '2025-05-31 12:42:59', '2025-05-31 12:42:59'),
(200, 6, 174, 'riding', '2025-05-31 12:43:27', '2025-05-31 12:43:27'),
(201, 6, 175, 'thank you Elon', '2025-05-31 12:43:50', '2025-05-31 12:43:50'),
(202, 6, 21, 'where your first post', '2025-05-31 12:44:30', '2025-05-31 12:44:30'),
(203, 6, 57, 'this is a emogy', '2025-05-31 12:44:43', '2025-05-31 12:44:43'),
(204, 6, 113, 'tecknologiya', '2025-05-31 12:44:56', '2025-05-31 12:44:56'),
(205, 2, 168, 'this is my post', '2025-05-31 12:46:33', '2025-05-31 12:46:33'),
(206, 6, 163, 'what is this', '2025-05-31 12:48:17', '2025-05-31 12:48:17'),
(207, 6, 163, 'hello mahesh', '2025-05-31 12:48:25', '2025-05-31 12:48:25'),
(208, 6, 164, 'good house', '2025-05-31 12:48:50', '2025-05-31 12:48:50'),
(215, 2, 20, 'dssdc', '2025-06-02 05:21:31', '2025-06-02 05:21:31'),
(216, 2, 178, 'deawsdfsdf', '2025-06-02 11:19:10', '2025-06-02 11:19:10'),
(217, 2, 176, 'sadfdfsdf', '2025-06-02 11:19:14', '2025-06-02 11:19:14'),
(218, 2, 179, 'this is my post', '2025-06-02 12:10:34', '2025-06-02 12:10:34');

-- --------------------------------------------------------

--
-- Table structure for table `twitter_post_comments_reply`
--

CREATE TABLE `twitter_post_comments_reply` (
  `id` int(11) NOT NULL,
  `user_id` int(11) NOT NULL,
  `post_id` int(11) NOT NULL,
  `comment_id` int(11) NOT NULL,
  `comment_reply` varchar(1000) NOT NULL,
  `created_at` timestamp NOT NULL DEFAULT current_timestamp(),
  `present_reply_id` int(11) DEFAULT NULL
) ENGINE=InnoDB DEFAULT CHARSET=utf8mb4 COLLATE=utf8mb4_general_ci;

--
-- Dumping data for table `twitter_post_comments_reply`
--

INSERT INTO `twitter_post_comments_reply` (`id`, `user_id`, `post_id`, `comment_id`, `comment_reply`, `created_at`, `present_reply_id`) VALUES
(11, 2, 62, 35, 'helo', '2025-05-25 19:48:41', NULL),
(12, 2, 62, 18, 'hy', '2025-05-25 19:48:47', NULL),
(13, 2, 55, 32, 'hello', '2025-05-25 20:55:22', NULL),
(14, 2, 55, 31, 'helo', '2025-05-25 20:55:31', NULL),
(19, 2, 63, 16, 'hello', '2025-05-25 21:43:50', NULL),
(23, 2, 55, 32, 'ass', '2025-05-27 19:24:20', NULL),
(24, 2, 55, 32, 'sASQS', '2025-05-27 19:24:28', NULL),
(32, 7, 48, 9, 'new', '2025-05-28 10:39:04', NULL),
(33, 7, 48, 9, 'new 2', '2025-05-28 10:39:13', NULL),
(34, 7, 48, 9, 'new 3', '2025-05-28 10:39:21', NULL),
(35, 7, 48, 9, 'new 4', '2025-05-28 10:39:28', NULL),
(36, 7, 48, 9, 'new 5', '2025-05-28 10:39:35', NULL),
(37, 7, 48, 8, 'hello1', '2025-05-28 10:39:48', NULL),
(38, 7, 48, 8, 'hello 2', '2025-05-28 10:39:55', NULL),
(39, 7, 48, 8, 'hello 3', '2025-05-28 10:40:01', NULL),
(40, 7, 48, 8, 'hello 4', '2025-05-28 10:40:09', NULL),
(41, 7, 48, 7, 'noon1', '2025-05-28 10:40:17', NULL),
(42, 7, 48, 7, 'noon2', '2025-05-28 10:40:25', NULL),
(45, 2, 48, 9, 'this is my reply', '2025-05-28 10:42:28', NULL),
(46, 7, 48, 9, 'new data', '2025-05-28 11:01:15', NULL),
(52, 7, 48, 9, 'new comment', '2025-05-28 11:53:13', NULL),
(55, 7, 48, 9, 'new reply', '2025-05-28 13:23:41', NULL),
(56, 7, 48, 9, 'i am rajesh', '2025-05-28 13:44:58', NULL),
(102, 11, 62, 18, 'new comment', '2025-05-29 06:47:53', NULL),
(103, 11, 62, 18, 'comment 1', '2025-05-29 06:48:21', 102),
(104, 11, 62, 18, 'comment 2', '2025-05-29 06:48:26', 102),
(105, 11, 62, 18, 'new 1', '2025-05-29 06:48:34', 12),
(106, 11, 62, 18, 'new 2', '2025-05-29 06:48:40', 12),
(107, 11, 62, 18, 'new 3', '2025-05-29 06:48:47', 12),
(108, 11, 62, 18, 'new 4', '2025-05-29 06:48:53', 12),
(109, 11, 62, 35, 'new', '2025-05-29 07:01:44', 11),
(110, 11, 62, 35, 'comment 2', '2025-05-29 07:01:53', 35),
(111, 11, 62, 35, 'comment 3', '2025-05-29 07:02:10', NULL),
(112, 11, 62, 35, 'comment 3', '2025-05-29 07:02:17', NULL),
(113, 11, 62, 38, 'hello', '2025-05-29 07:35:12', NULL),
(114, 11, 62, 35, 'new', '2025-05-29 07:37:18', 11),
(115, 11, 62, 35, 'hay', '2025-05-29 07:38:11', 112),
(116, 11, 62, 35, 'hay2', '2025-05-29 08:13:02', 112),
(119, 11, 62, 35, 'hay 3', '2025-05-29 08:24:12', 112),
(120, 11, 62, 35, 'hay', '2025-05-29 08:29:20', 119),
(121, 11, 62, 35, 'hay bro', '2025-05-29 08:29:30', 116),
(122, 11, 62, 35, 'hay 2', '2025-05-29 08:29:35', 116),
(123, 11, 62, 35, 'hay 3', '2025-05-29 08:29:44', 116),
(124, 11, 62, 35, 'hello', '2025-05-29 08:29:52', 115),
(125, 11, 62, 35, 'hay', '2025-05-29 08:30:03', 115),
(126, 11, 62, 35, 'hay 4', '2025-05-29 08:30:22', 112),
(127, 11, 62, 35, 'hay 3 1', '2025-05-29 09:12:30', 119),
(128, 11, 62, 35, 'comment 1', '2025-05-29 09:17:15', 115),
(129, 11, 62, 35, 'comment 2', '2025-05-29 09:17:23', 115),
(130, 11, 62, 35, 'comment 3', '2025-05-29 09:17:31', 115),
(131, 11, 62, 35, 'hello 1', '2025-05-29 09:18:00', 124),
(132, 11, 62, 35, 'hello 2', '2025-05-29 09:18:06', 124),
(133, 11, 62, 35, 'hello 3', '2025-05-29 09:18:12', 124),
(134, 11, 62, 35, 'hay1', '2025-05-29 09:18:20', 125),
(135, 11, 62, 35, 'comment 1', '2025-05-29 09:18:28', 128),
(136, 11, 62, 35, 'hello', '2025-05-29 09:18:48', 129),
(150, 2, 110, 57, 'hay 1', '2025-05-30 05:53:30', NULL),
(170, 4, 33, 71, 'hello vikram I am suresh', '2025-05-30 07:51:04', NULL),
(171, 4, 33, 118, 'hello kushal i am suresh', '2025-05-30 07:52:10', NULL),
(172, 4, 33, 3, 'i am suresh', '2025-05-30 07:52:27', NULL),
(173, 4, 33, 71, 'hay', '2025-05-30 07:53:05', 170),
(174, 4, 33, 71, 'hello', '2025-05-30 07:53:16', 170),
(175, 4, 33, 71, 'yes i am suresh', '2025-05-30 07:54:29', 174),
(176, 4, 33, 71, 'hay i am suresh', '2025-05-30 07:54:46', 173),
(177, 4, 6, 149, 'njnjk', '2025-05-30 08:18:40', NULL),
(178, 4, 6, 149, 'dfgdfgdf', '2025-05-30 08:19:39', 177),
(179, 4, 6, 149, 'dfgdfg', '2025-05-30 08:19:43', 177),
(180, 4, 6, 149, 'gfgnh', '2025-05-30 08:19:50', 179),
(181, 4, 6, 149, 'dfgdfg', '2025-05-30 08:19:54', 180),
(182, 4, 6, 149, 'fghhg', '2025-05-30 08:20:05', NULL),
(183, 4, 6, 149, 'gfhfgh', '2025-05-30 08:20:13', NULL),
(184, 4, 6, 149, 'hghj', '2025-05-30 08:20:20', 183),
(185, 4, 115, 164, 'dfg', '2025-05-30 08:21:02', NULL),
(186, 4, 115, 164, 'dfg', '2025-05-30 08:21:05', NULL),
(191, 9, 54, 134, 'hay', '2025-05-30 13:56:49', NULL),
(192, 10, 63, 16, 'hello mahesh bhai', '2025-05-31 05:58:32', 19),
(193, 10, 63, 16, 'i am vikram', '2025-05-31 05:58:48', 19),
(196, 10, 63, 16, 'hello mahesh', '2025-05-31 06:29:11', NULL),
(197, 10, 63, 16, 'i am vikram', '2025-05-31 06:29:27', NULL),
(198, 10, 56, 159, 'hay', '2025-05-31 09:44:14', NULL),
(199, 10, 56, 159, 'hello', '2025-05-31 09:44:26', 198),
(200, 2, 29, 128, 'sdd', '2025-05-31 09:44:56', NULL),
(205, 2, 26, 194, 'hay', '2025-05-31 10:09:22', NULL),
(206, 2, 26, 194, 'hello', '2025-05-31 10:09:26', NULL),
(238, 2, 105, 25, 'dssdc', '2025-06-02 05:20:19', NULL),
(242, 2, 20, 215, 'sadsad', '2025-06-02 05:21:47', NULL);

-- --------------------------------------------------------

--
-- Table structure for table `twitter_users`
--

CREATE TABLE `twitter_users` (
  `id` int(11) NOT NULL,
  `username` varchar(255) DEFAULT NULL,
  `name` varchar(255) DEFAULT NULL,
  `email` varchar(255) DEFAULT NULL,
  `password` varchar(255) DEFAULT NULL,
  `dob` date DEFAULT NULL,
  `bio` varchar(255) DEFAULT NULL,
  `join_date` date DEFAULT NULL,
  `profile_picture` varchar(255) DEFAULT NULL,
  `cover_picture` varchar(255) DEFAULT NULL,
  `created_at` timestamp NOT NULL DEFAULT current_timestamp(),
  `updated_at` timestamp NOT NULL DEFAULT current_timestamp() ON UPDATE current_timestamp()
) ENGINE=InnoDB DEFAULT CHARSET=utf8mb4 COLLATE=utf8mb4_general_ci;

--
-- Dumping data for table `twitter_users`
--

INSERT INTO `twitter_users` (`id`, `username`, `name`, `email`, `password`, `dob`, `bio`, `join_date`, `profile_picture`, `cover_picture`, `created_at`, `updated_at`) VALUES
(2, 'mahesh_0909', 'Mahesh kumar', 'mahesh67003@gmail.com', 'mahesh0000', '2025-05-08', 'mr mahesh solanki', '2025-05-11', '1748872507.jpg', '1748862992.jpg', '2025-05-11 09:43:01', '2025-06-02 13:55:07'),
(3, '__rajeshmali09', 'Rajesh Mali', 'rajeshk67003@gmail.com', 'rajesh0000', '2002-07-18', 'web developer', '2025-05-13', '', '', '2025-05-13 12:24:23', '2025-06-02 13:27:09'),
(4, 'suresh_0000', 'Suresh Kumar', 'sureshmali0000@gmail.com', 'suresh0000', '2000-07-17', 'mr suresh Kumar mali', '2025-05-14', '', '', '2025-05-14 10:53:14', '2025-06-02 13:27:13'),
(6, 'ashish0000', 'Ashish Didiya', 'ashishdodiya09@gmail.com', 'ashish0000', '2002-12-25', '', '2025-05-17', '', '', '2025-05-17 06:45:38', '2025-06-02 13:27:17'),
(7, 'mr_ravi0909', 'Ravi Mali', 'ravimali22@gmail.com', 'ravi0000', '2003-04-02', 'I am Ravi mali', '2025-05-17', '', '', '2025-05-17 08:41:27', '2025-06-02 13:27:21'),
(8, 'kushal_00', 'Kushal singh', 'kushal@gmail.com', 'kushal0000', '2025-05-15', 'efcsdfssads', '2025-05-19', '', '', '2025-05-19 05:20:13', '2025-06-02 13:27:26'),
(9, 'harish0000', 'Harish mali', 'harishmali@gmail.com', 'harish0000', '2025-05-16', '', '2025-05-19', '', '', '2025-05-19 05:25:13', '2025-06-02 13:27:29'),
(10, 'vikram0000', 'Vikram kumar', 'vikram0909@gmail.com', 'vikram0000', '2010-07-22', 'new user', '2025-05-19', '', '', '2025-05-19 09:57:31', '2025-06-02 13:27:33'),
(11, 'ravindra0000', 'Ravindra singh', 'harsha1122@gmail.com', 'harsha0000', '2025-05-15', 'mr ravindra', '2025-05-20', '', '', '2025-05-20 05:24:35', '2025-06-02 05:34:16');

--
-- Indexes for dumped tables
--

--
-- Indexes for table `twitters_post_likes`
--
ALTER TABLE `twitters_post_likes`
  ADD PRIMARY KEY (`id`),
  ADD KEY `user_id` (`user_id`),
  ADD KEY `post_id` (`post_id`);

--
-- Indexes for table `twitter_followers`
--
ALTER TABLE `twitter_followers`
  ADD PRIMARY KEY (`id`),
  ADD KEY `followers` (`followers`),
  ADD KEY `following` (`following`);

--
-- Indexes for table `twitter_notifications`
--
ALTER TABLE `twitter_notifications`
  ADD PRIMARY KEY (`id`),
  ADD KEY `user_id` (`user_id`),
  ADD KEY `sender_id` (`sender_id`),
  ADD KEY `post_id` (`post_id`);

--
-- Indexes for table `twitter_posts`
--
ALTER TABLE `twitter_posts`
  ADD PRIMARY KEY (`id`),
  ADD KEY `user_id` (`user_id`);

--
-- Indexes for table `twitter_post_comments`
--
ALTER TABLE `twitter_post_comments`
  ADD PRIMARY KEY (`id`),
  ADD KEY `user_id` (`user_id`),
  ADD KEY `post_id` (`post_id`);

--
-- Indexes for table `twitter_post_comments_reply`
--
ALTER TABLE `twitter_post_comments_reply`
  ADD PRIMARY KEY (`id`),
  ADD KEY `user_id` (`user_id`),
  ADD KEY `post_id` (`post_id`),
  ADD KEY `comment_id` (`comment_id`),
  ADD KEY `fk_present_reply` (`present_reply_id`);

--
-- Indexes for table `twitter_users`
--
ALTER TABLE `twitter_users`
  ADD PRIMARY KEY (`id`);

--
-- AUTO_INCREMENT for dumped tables
--

--
-- AUTO_INCREMENT for table `twitters_post_likes`
--
ALTER TABLE `twitters_post_likes`
  MODIFY `id` int(11) NOT NULL AUTO_INCREMENT, AUTO_INCREMENT=355;

--
-- AUTO_INCREMENT for table `twitter_followers`
--
ALTER TABLE `twitter_followers`
  MODIFY `id` int(11) NOT NULL AUTO_INCREMENT, AUTO_INCREMENT=184;

--
-- AUTO_INCREMENT for table `twitter_notifications`
--
ALTER TABLE `twitter_notifications`
  MODIFY `id` int(11) NOT NULL AUTO_INCREMENT, AUTO_INCREMENT=286;

--
-- AUTO_INCREMENT for table `twitter_posts`
--
ALTER TABLE `twitter_posts`
  MODIFY `id` int(11) NOT NULL AUTO_INCREMENT, AUTO_INCREMENT=180;

--
-- AUTO_INCREMENT for table `twitter_post_comments`
--
ALTER TABLE `twitter_post_comments`
  MODIFY `id` int(11) NOT NULL AUTO_INCREMENT, AUTO_INCREMENT=221;

--
-- AUTO_INCREMENT for table `twitter_post_comments_reply`
--
ALTER TABLE `twitter_post_comments_reply`
  MODIFY `id` int(11) NOT NULL AUTO_INCREMENT, AUTO_INCREMENT=266;

--
-- AUTO_INCREMENT for table `twitter_users`
--
ALTER TABLE `twitter_users`
  MODIFY `id` int(11) NOT NULL AUTO_INCREMENT, AUTO_INCREMENT=12;

--
-- Constraints for dumped tables
--

--
-- Constraints for table `twitters_post_likes`
--
ALTER TABLE `twitters_post_likes`
  ADD CONSTRAINT `twitters_post_likes_ibfk_1` FOREIGN KEY (`user_id`) REFERENCES `twitter_users` (`id`) ON DELETE CASCADE,
  ADD CONSTRAINT `twitters_post_likes_ibfk_2` FOREIGN KEY (`post_id`) REFERENCES `twitter_posts` (`id`) ON DELETE CASCADE;

--
-- Constraints for table `twitter_followers`
--
ALTER TABLE `twitter_followers`
  ADD CONSTRAINT `twitter_followers_ibfk_1` FOREIGN KEY (`followers`) REFERENCES `twitter_users` (`id`) ON DELETE CASCADE,
  ADD CONSTRAINT `twitter_followers_ibfk_2` FOREIGN KEY (`following`) REFERENCES `twitter_users` (`id`) ON DELETE CASCADE;

--
-- Constraints for table `twitter_notifications`
--
ALTER TABLE `twitter_notifications`
  ADD CONSTRAINT `twitter_notifications_ibfk_1` FOREIGN KEY (`user_id`) REFERENCES `twitter_users` (`id`) ON DELETE CASCADE,
  ADD CONSTRAINT `twitter_notifications_ibfk_2` FOREIGN KEY (`sender_id`) REFERENCES `twitter_users` (`id`) ON DELETE CASCADE,
  ADD CONSTRAINT `twitter_notifications_ibfk_3` FOREIGN KEY (`post_id`) REFERENCES `twitter_posts` (`id`) ON DELETE CASCADE;

--
-- Constraints for table `twitter_posts`
--
ALTER TABLE `twitter_posts`
  ADD CONSTRAINT `twitter_posts_ibfk_1` FOREIGN KEY (`user_id`) REFERENCES `twitter_users` (`id`) ON DELETE CASCADE;

--
-- Constraints for table `twitter_post_comments`
--
ALTER TABLE `twitter_post_comments`
  ADD CONSTRAINT `twitter_post_comments_ibfk_1` FOREIGN KEY (`user_id`) REFERENCES `twitter_users` (`id`) ON DELETE CASCADE,
  ADD CONSTRAINT `twitter_post_comments_ibfk_2` FOREIGN KEY (`post_id`) REFERENCES `twitter_posts` (`id`) ON DELETE CASCADE;

--
-- Constraints for table `twitter_post_comments_reply`
--
ALTER TABLE `twitter_post_comments_reply`
  ADD CONSTRAINT `fk_present_reply` FOREIGN KEY (`present_reply_id`) REFERENCES `twitter_post_comments_reply` (`id`) ON DELETE CASCADE,
  ADD CONSTRAINT `twitter_post_comments_reply_ibfk_1` FOREIGN KEY (`user_id`) REFERENCES `twitter_users` (`id`) ON DELETE CASCADE,
  ADD CONSTRAINT `twitter_post_comments_reply_ibfk_2` FOREIGN KEY (`post_id`) REFERENCES `twitter_posts` (`id`) ON DELETE CASCADE,
  ADD CONSTRAINT `twitter_post_comments_reply_ibfk_3` FOREIGN KEY (`comment_id`) REFERENCES `twitter_post_comments` (`id`) ON DELETE CASCADE;
COMMIT;

/*!40101 SET CHARACTER_SET_CLIENT=@OLD_CHARACTER_SET_CLIENT */;
/*!40101 SET CHARACTER_SET_RESULTS=@OLD_CHARACTER_SET_RESULTS */;
/*!40101 SET COLLATION_CONNECTION=@OLD_COLLATION_CONNECTION */;
